job_title,job_description,requirements,benefits,employment_type,required_experience,required_education,job_function,industry,job_id_or_ref_code,posting_date,expiration_date,company_name,company_profile,company_website,company_size,company_type,company_founded_year,company_social_media_links__-,job_location,interview_location,remote_status,relocation_assistance,application_link_or_email,application_method_type,response_time_claimed,application_deadline,recruiter_name_or_agency,recruiter_contact_info,hiring_manager_name,salary_info_raw,stock_options,relocation_package,job_posting_source,number_of_positions,logo_present,attachments__-,posting_frequency,posting_consistency,external_reviews_available,profile_photos_included,is_real
Products & Systems Engineer - C,Job Description This role involves the development and application of engineering practice and knowledge in the creation and assurance of products and solutions across engineering disciplines. Includes defining the fundamental concepts and properties of an engineered system or product; creatively determining a products physical form; function and performance; and the assurance of safety; reliability; availability maintainability. Also addresses the through life support and evolution of systems and products; via provision and support of documentation and information assets; assessment of whole lifecycle environmental impact against environmental regulations and policies; and incorporation of renewable energy sources and clean technologies into product system design. Job Description - Grade Specific Focus on Systems Engineering Product Design. Fully competent in own area. Acts as a key contributor in a more complex critical environment. Proactively acts to understand and anticipates client needs. Manages costs and profitability for a work area. Manages own agenda to meet agreed targets. Develop plans for projects in own area. Looks beyond the immediate problem to the wider implications. Acts as a facilitator; coach and moves teams forward.,Skills (competencies),,,,,Information Technology,IT Services and IT Consulting,4233324756,,,Capgemini,,https://fr.linkedin.com/company/capgemini?trk=public_jobs_topcard-org-name,,,,https://fr.linkedin.com/company/capgemini?trk=public_jobs_topcard-org-name,Bengaluru; Karnataka; India,,,,,,,,,,,,,,LinkedIn,,,,,,,,1
Products & Systems Engineer - Ccc,Job Description This role involves the development and application of engineering practice and knowledge in the creation and assurance of products and solutions across engineering disciplines. Includes defining the fundamental concepts and properties of an engineered system or product; creatively determining a products physical form; function and performance; and the assurance of safety; reliability; availability maintainability. Also addresses the through life support and evolution of systems and products; via provision and support of documentation and information assets; assessment of whole lifecycle environmental impact against environmental regulations and policies; and incorporation of renewable energy sources and clean technologies into product system design. Job Description - Grade Specific Focus on Systems Engineering Product Design. Fully competent in own area. Acts as a key contributor in a more complex critical environment. Proactively acts to understand and anticipates client needs. Manages costs and profitability for a work area. Manages own agenda to meet agreed targets. Develop plans for projects in own area. Looks beyond the immediate problem to the wider implications. Acts as a facilitator; coach and moves teams forward.,Skills (competencies),,,,,Information Technology,IT Services and IT Consulting,4233324756,,,Capgemini,,https://fr.linkedin.com/company/capgemini?trk=public_jobs_topcard-org-name,,,,https://fr.linkedin.com/company/capgemini?trk=public_jobs_topcard-org-name; https://fr.linkedin.com/company/capgemini?trk=public_jobs_topcard-org-name,Bengaluru; Karnataka; India,,,,,,,,,,,,,,LinkedIn,,,,,,,,1
Recruitment Trainee,Job Required: 0–1 year About the Role: We are looking for a dynamic and enthusiastic Recruitment Trainee to join our HR team. This role is ideal for individuals passionate about people; communication; and building careers. As a Recruitment Trainee; you will learn the end-to-end recruitment process; work closely with hiring managers; and support various talent acquisition initiatives. Key Responsibilities: Assist in sourcing; screening; and shortlisting candidates for various job roles Post job openings on job portals; social media; and company career pages Conduct initial HR screening calls to assess candidate suitability Coordinate and schedule interviews between candidates and interview panels Maintain candidate records and status updates in the Applicant Tracking System (ATS) Assist in onboarding and documentation processes for selected candidates Support HR in talent pipeline building; referrals; and recruitment marketing initiatives Stay updated on hiring trends; recruitment tools; and platforms,Title: Recruitment Trainee Experience Requirements: Bachelor’s degree in Human Resources; Business Administration; Psychology; or any related field Strong verbal and written communication skills Good interpersonal skills and ability to engage with people Basic understanding of recruitment life cycle and HR processes Familiarity with LinkedIn; Naukri; or other job portals is a plus Ability to multitask and work in a fast-paced environment Willingness to learn and grow within the HR domain,,,,,Human Resources,Technology; Information and Internet,4232626885,,,Guide & Bridge,,https://in.linkedin.com/company/guideandbridge?trk=public_jobs_topcard-org-name,,,,https://in.linkedin.com/company/guideandbridge?trk=public_jobs_topcard-org-name,India,,,,,,,,,,,,,,LinkedIn,,,,,,,,0
Frontend Developer,Salary : ₹85;000 - ₹95;000 Timing : 10am - 6pm IST REMOTE Company Description Konfid.io is a Berlin-based technology company focused on building secure; scalable; and intelligent digital infrastructure for modern enterprises. Our team specializes in developing advanced Web3; AI; and enterprise software solutions that help businesses streamline operations and unlock new opportunities. With clients ranging from innovative startups to Fortune 500 companies; we’re shaping the future of digital trust and decentralized collaboration. At Konfid.io; you’ll join a diverse and dynamic team working remotely across time zones; dedicated to creating impactful technology in a fast-paced; entrepreneurial environment. Role Description We are looking for a Frontend Developer to join our remote team full-time. In this role; you will take ownership of building and maintaining high-quality; user-friendly web interfaces. You’ll work closely with product designers and back-end developers to deliver features that enhance the user experience on our logistics platform. This is a unique opportunity to contribute to a meaningful product that impacts real-world freight operations across Europe. Qualifications Proficiency in Front-End Development and Responsive Web Design Experience in Web Development Knowledge of Back-End Web Development and Software Development Excellent problem-solving skills and attention to detail Ability to work independently and manage time efficiently Strong understanding of modern web technologies and best practices Bachelor's degree in Computer Science; Information Technology; or related field Experience with version control systems such as Git is a plus,Salary : ₹85;000 - ₹95;000 Timing : 10am - 6pm IST REMOTE Company Description Konfid.io is a Berlin-based technology company focused on building secure; scalable; and intelligent digital infrastructure for modern enterprises. Our team specializes in developing advanced Web3; AI; and enterprise software solutions that help businesses streamline operations and unlock new opportunities. With clients ranging from innovative startups to Fortune 500 companies; we’re shaping the future of digital trust and decentralized collaboration. At Konfid.io; you’ll join a diverse and dynamic team working remotely across time zones; dedicated to creating impactful technology in a fast-paced; entrepreneurial environment. Role Description We are looking for a Frontend Developer to join our remote team full-time. In this role; you will take ownership of building and maintaining high-quality; user-friendly web interfaces. You’ll work closely with product designers and back-end developers to deliver features that enhance the user experience on our logistics platform. This is a unique opportunity to contribute to a meaningful product that impacts real-world freight operations across Europe. Qualifications Proficiency in Front-End Development and Responsive Web Design Experience in Web Development Knowledge of Back-End Web Development and Software Development Excellent problem-solving skills and attention to detail Ability to work independently and manage time efficiently Strong understanding of modern web technologies and best practices Bachelor's degree in Computer Science; Information Technology; or related field Experience with version control systems such as Git is a plus,,,,,Engineering and Information Technology,Software Development,4233470553,,,Konfidio,,https://de.linkedin.com/company/konfidio?trk=public_jobs_topcard-org-name,,,,https://in.linkedin.com/company/guideandbridge?trk=public_jobs_topcard-org-name; https://de.linkedin.com/company/konfidio?trk=public_jobs_topcard-org-name,India,,,,,,,,,,,,,,LinkedIn,,,,,,,,0
Oracle Application Lead (Oracle PLSQL; Forms; Java),Job Description Primary Responsibilities Operates independently to provide quality work products to an engagement. Performs varied and complex duties and tasks that need independent judgment; in order to implement Oracle products and technology to meet customer needs. Applies Oracle methodology; company procedures; and leading practices. Demonstrates expertise to deliver functional and technical solutions on moderately complex customer engagements. May lead the solution design and implementation aspects of engagement(s) ensuring high quality; integrated software solutions within constraints of time and budget. May act as the team lead on projects; providing coaching; guidance and feedback to develop,Skills - FC-T-UBS-Oracle; PL/SQL; D2k Forms and very good knowledge of FLEXCUBE UBS Core; DDA ; FX; MM and Loan modules Candidate should have hands-on Development; Implementation and / or production support experience with any Core Banking product; ideally Oracle Flexcube UBS Sound Oracle DB; Oracle SQL; PL/SQL; D2K; JavaScript; XML; basic Unix shell scripting; Hands on Expertise in Deployments; Backup/Restore Operations and Source Control tools Hands on Expertise in Microsoft Office tools including Word; Excel Good Communication; Presentation and Client Facing skills Secondary Skills - Working knowledge of Oracle development tools; WebLogic server deployments; Oracle Database Functional knowledge of banking systems. Experience on development and implementation of Interfaces; Batch operations; Trouble shooting and resolution of issues encountered in Testing cycles. Good Problem solving skills Good Team handling skills Career Level - IC3 skills of team members. Effectively consults with management of customer organizations. Participates in business development activities. Develops and leads detailed solutions for moderately complex projects. About Us As a world leader in cloud solutions; Oracle uses tomorrow’s technology to tackle today’s challenges. We’ve partnered with industry-leaders in almost every sector—and continue to thrive after 40+ years of change by operating with integrity. We know that true innovation starts when everyone is empowered to contribute. That’s why we’re committed to growing an inclusive workforce that promotes opportunities for all. Oracle careers open the door to global opportunities where work-life balance flourishes. We offer competitive benefits based on parity and consistency and support our people with flexible medical; life insurance; and retirement options. We also encourage employees to give back to their communities through our volunteer programs. We’re committed to including people with disabilities at all stages of the employment process. If you require accessibility assistance or accommodation for a disability at any point; let us know by emailing accommodation-request_mb@oracle.com or by calling +1 888 404 2494 in the United States. Oracle is an Equal Employment Opportunity Employer. All qualified applicants will receive consideration for employment without regard to race; color; religion; sex; national origin; sexual orientation; gender identity; disability and protected veterans’ status; or any other characteristic protected by law. Oracle will consider for employment qualified applicants with arrest and conviction records pursuant to applicable law.,,,,,Consulting,IT Services and IT Consulting,4208321008,,,Oracle,,https://www.linkedin.com/company/oracle?trk=public_jobs_topcard-org-name,,,,https://www.linkedin.com/company/oracle?trk=public_jobs_topcard-org-name,Trivandrum; Kerala; India,,,,,,,,,,,,,,LinkedIn,,,,,,,,0
Software Engineer - SAP GRC,SAP GRC Software Engineer Maersk is a $30bn organisation with 100;000 people that move 20% of the world’s trade; and the largest shipping and logistics company in the world and we are transforming our company into a global integrator of Ke logistics. We are offering you a unique opportunity to help shape that journey and the future organization. As a part of this process; you will have an opportunity to participate in a global IT transformation program that will set the direction of the future business model for this large global organization. We Responsibilities: SAP GRC Software Engineer is responsible for driving the team towards the successful technical delivery of a solution that fits a purpose. This will be done with a focus on cost and ensuring that the correct procedures are in place to assure (code and feature) quality. As SAP GRC Engineer you will be part of the ambitious engineering team with the following tasks: Implement technical execution or responsibilities when appropriate Deliver solutions in a flexible manner be that utilising off the shelve or bespoke applications Write; deliver code and participate in code walkthroughs according to the requirements of the functional specifications Develop or ensure code is at high standard and specification in accordance with current framework Build strong collaborative relationships with engineers; architects; external agencies; vendor staff and partners. Assist as required in scope definition; technical viability scoping and best practice solution design to meet the requirements Where appropriate; provide guidance to the Solution Architect in the development of solutions. Highlight all risks and issues that affect the development or deliveries Form strong and trusted relationship with the Product Owner; ensuring that the Product Owner is fully aware of the technical capabilities and shortcomings of the product allowing for sensible technical investment and debt repayment decisions Work across teams to define efficient solutions and implementation strategies to create highly cohesive implementation across products Mentor peers staff in the software development method; coding and testing techniques where possible Demonstrate interest in improving the company’s technical awareness; depth and use of technology across the business. Participate in the evolution of company level best practices; standards; and policies related to software development. We are looking for: Experience & Technical Skills A minimum of 5+ years experience as a software engineer Practical experience working with SAP Process Control and SAP Risk Management Practical experience working with ABAP development is a plus Experience with deployment and maintenance of SAP GRC product portfolio Experience with working on large scale global teams Highly skilled in writing clean; reusable and efficient code that is easy to read Deep knowledge and understanding of technology; a person who stays relevant with the latest technology advancements and trends Ways of working: Experienced in an Agile/DevOps environment focusing on a Lean engineering Very strong communication and collaboration skills Structured; highly analytical mind-set and excellent problem-solving skills Collaborative; with strong facilitation and people skills / personal impact Highly motivated and work well under pressure A great team player and a strong collaborator Strong opinions loosely held Excellent English verbal and written communication is a must Innovative; with the ability to think outside the box Fact based and result oriented An individual who respects the opinion of others; yet can drive a decision though the team An individual who understand and respects the agile method An individual who wants to contribution to the wider engineering community to define best practices Maersk is committed to a diverse and inclusive workplace; and we embrace different styles of thinking. Maersk is an equal opportunities employer and welcomes applicants without regard to race; colour; gender; sex; age; religion; creed; national origin; ancestry; citizenship; marital status; sexual orientation; physical or mental disability; medical condition; pregnancy or parental leave; veteran status; gender identity; genetic information; or any other characteristic protected by applicable law. We will consider qualified applicants with criminal histories in a manner consistent with all legal requirements. We are happy to support your need for any adjustments during the application and hiring process. If you need special assistance or an accommodation to use our website; apply for a position; or to perform a job; please contact us by emailing accommodationrequests@maersk.com.,Offer: As an organization with global presence; joining Maersk is a wonderful and exciting opportunity for you to work with people of diverse talents & background. We offer a fast paced; challenging and truly international atmosphere with activities spread around the globe. The environment is dynamic with focus on high performance; results; and respect for our employees. There will be the possibility of continuous professional and personal development and for gaining a professional and social network. As a company; we are committed to growing our people. We will provide you with opportunities that broaden your knowledge and strengthen your professional & technical skills. As a Software Engineer; you will be part of a team responsible for building and integrating new solutions within GRC & Corporate Affairs portfolio into our IT Landscape. You will work with development teams & stakeholders in various locations; e.g.; India; UK and Denmark. At Maersk we value the diversity of our talent and will always strive to recruit the best person for the job – we value diversity in all its forms; including but not limited to gender; age; nationality; race; sexual orientation; disability or religious beliefs. We are proud of our diversity and see it as a genuine source of strength for building high performing teams. Key,,,,,Engineering and Information Technology,Transportation; Logistics; Supply Chain and Storage,4214508170,,,A.P. Moller - Maersk,,https://dk.linkedin.com/company/maersk-group?trk=public_jobs_topcard-org-name,,,,https://www.linkedin.com/company/oracle?trk=public_jobs_topcard-org-name; https://dk.linkedin.com/company/maersk-group?trk=public_jobs_topcard-org-name,Pune; Maharashtra; India,,,,,,,,,,,$30,,,LinkedIn,,,,,,,,0
Software Engineer - SAP GRC,SAP GRC Software Engineer Maersk is a $30bn organisation with 100;000 people that move 20% of the world’s trade; and the largest shipping and logistics company in the world and we are transforming our company into a global integrator of Ke logistics. We are offering you a unique opportunity to help shape that journey and the future organization. As a part of this process; you will have an opportunity to participate in a global IT transformation program that will set the direction of the future business model for this large global organization. We Responsibilities: SAP GRC Software Engineer is responsible for driving the team towards the successful technical delivery of a solution that fits a purpose. This will be done with a focus on cost and ensuring that the correct procedures are in place to assure (code and feature) quality. As SAP GRC Engineer you will be part of the ambitious engineering team with the following tasks: Implement technical execution or responsibilities when appropriate Deliver solutions in a flexible manner be that utilising off the shelve or bespoke applications Write; deliver code and participate in code walkthroughs according to the requirements of the functional specifications Develop or ensure code is at high standard and specification in accordance with current framework Build strong collaborative relationships with engineers; architects; external agencies; vendor staff and partners. Assist as required in scope definition; technical viability scoping and best practice solution design to meet the requirements Where appropriate; provide guidance to the Solution Architect in the development of solutions. Highlight all risks and issues that affect the development or deliveries Form strong and trusted relationship with the Product Owner; ensuring that the Product Owner is fully aware of the technical capabilities and shortcomings of the product allowing for sensible technical investment and debt repayment decisions Work across teams to define efficient solutions and implementation strategies to create highly cohesive implementation across products Mentor peers staff in the software development method; coding and testing techniques where possible Demonstrate interest in improving the company’s technical awareness; depth and use of technology across the business. Participate in the evolution of company level best practices; standards; and policies related to software development. We are looking for: Experience & Technical Skills A minimum of 5+ years experience as a software engineer Practical experience working with SAP Process Control and SAP Risk Management Practical experience working with ABAP development is a plus Experience with deployment and maintenance of SAP GRC product portfolio Experience with working on large scale global teams Highly skilled in writing clean; reusable and efficient code that is easy to read Deep knowledge and understanding of technology; a person who stays relevant with the latest technology advancements and trends Ways of working: Experienced in an Agile/DevOps environment focusing on a Lean engineering Very strong communication and collaboration skills Structured; highly analytical mind-set and excellent problem-solving skills Collaborative; with strong facilitation and people skills / personal impact Highly motivated and work well under pressure A great team player and a strong collaborator Strong opinions loosely held Excellent English verbal and written communication is a must Innovative; with the ability to think outside the box Fact based and result oriented An individual who respects the opinion of others; yet can drive a decision though the team An individual who understand and respects the agile method An individual who wants to contribution to the wider engineering community to define best practices Maersk is committed to a diverse and inclusive workplace; and we embrace different styles of thinking. Maersk is an equal opportunities employer and welcomes applicants without regard to race; colour; gender; sex; age; religion; creed; national origin; ancestry; citizenship; marital status; sexual orientation; physical or mental disability; medical condition; pregnancy or parental leave; veteran status; gender identity; genetic information; or any other characteristic protected by applicable law. We will consider qualified applicants with criminal histories in a manner consistent with all legal requirements. We are happy to support your need for any adjustments during the application and hiring process. If you need special assistance or an accommodation to use our website; apply for a position; or to perform a job; please contact us by emailing accommodationrequests@maersk.com.,Offer: As an organization with global presence; joining Maersk is a wonderful and exciting opportunity for you to work with people of diverse talents & background. We offer a fast paced; challenging and truly international atmosphere with activities spread around the globe. The environment is dynamic with focus on high performance; results; and respect for our employees. There will be the possibility of continuous professional and personal development and for gaining a professional and social network. As a company; we are committed to growing our people. We will provide you with opportunities that broaden your knowledge and strengthen your professional & technical skills. As a Software Engineer; you will be part of a team responsible for building and integrating new solutions within GRC & Corporate Affairs portfolio into our IT Landscape. You will work with development teams & stakeholders in various locations; e.g.; India; UK and Denmark. At Maersk we value the diversity of our talent and will always strive to recruit the best person for the job – we value diversity in all its forms; including but not limited to gender; age; nationality; race; sexual orientation; disability or religious beliefs. We are proud of our diversity and see it as a genuine source of strength for building high performing teams. Key,,,,,Engineering and Information Technology,Transportation; Logistics; Supply Chain and Storage,4214508170,,,A.P. Moller - Maersk,,https://dk.linkedin.com/company/maersk-group?trk=public_jobs_topcard-org-name,,,,https://dk.linkedin.com/company/maersk-group?trk=public_jobs_topcard-org-name,Pune; Maharashtra; India,,,,,,,,,,,$30,,,LinkedIn,,,,,,,,0
Software Engineer - SAP GRC,SAP GRC Software Engineer Maersk is a $30bn organisation with 100;000 people that move 20% of the world’s trade; and the largest shipping and logistics company in the world and we are transforming our company into a global integrator of Ke logistics. We are offering you a unique opportunity to help shape that journey and the future organization. As a part of this process; you will have an opportunity to participate in a global IT transformation program that will set the direction of the future business model for this large global organization. We Responsibilities: SAP GRC Software Engineer is responsible for driving the team towards the successful technical delivery of a solution that fits a purpose. This will be done with a focus on cost and ensuring that the correct procedures are in place to assure (code and feature) quality. As SAP GRC Engineer you will be part of the ambitious engineering team with the following tasks: Implement technical execution or responsibilities when appropriate Deliver solutions in a flexible manner be that utilising off the shelve or bespoke applications Write; deliver code and participate in code walkthroughs according to the requirements of the functional specifications Develop or ensure code is at high standard and specification in accordance with current framework Build strong collaborative relationships with engineers; architects; external agencies; vendor staff and partners. Assist as required in scope definition; technical viability scoping and best practice solution design to meet the requirements Where appropriate; provide guidance to the Solution Architect in the development of solutions. Highlight all risks and issues that affect the development or deliveries Form strong and trusted relationship with the Product Owner; ensuring that the Product Owner is fully aware of the technical capabilities and shortcomings of the product allowing for sensible technical investment and debt repayment decisions Work across teams to define efficient solutions and implementation strategies to create highly cohesive implementation across products Mentor peers staff in the software development method; coding and testing techniques where possible Demonstrate interest in improving the company’s technical awareness; depth and use of technology across the business. Participate in the evolution of company level best practices; standards; and policies related to software development. We are looking for: Experience & Technical Skills A minimum of 5+ years experience as a software engineer Practical experience working with SAP Process Control and SAP Risk Management Practical experience working with ABAP development is a plus Experience with deployment and maintenance of SAP GRC product portfolio Experience with working on large scale global teams Highly skilled in writing clean; reusable and efficient code that is easy to read Deep knowledge and understanding of technology; a person who stays relevant with the latest technology advancements and trends Ways of working: Experienced in an Agile/DevOps environment focusing on a Lean engineering Very strong communication and collaboration skills Structured; highly analytical mind-set and excellent problem-solving skills Collaborative; with strong facilitation and people skills / personal impact Highly motivated and work well under pressure A great team player and a strong collaborator Strong opinions loosely held Excellent English verbal and written communication is a must Innovative; with the ability to think outside the box Fact based and result oriented An individual who respects the opinion of others; yet can drive a decision though the team An individual who understand and respects the agile method An individual who wants to contribution to the wider engineering community to define best practices Maersk is committed to a diverse and inclusive workplace; and we embrace different styles of thinking. Maersk is an equal opportunities employer and welcomes applicants without regard to race; colour; gender; sex; age; religion; creed; national origin; ancestry; citizenship; marital status; sexual orientation; physical or mental disability; medical condition; pregnancy or parental leave; veteran status; gender identity; genetic information; or any other characteristic protected by applicable law. We will consider qualified applicants with criminal histories in a manner consistent with all legal requirements. We are happy to support your need for any adjustments during the application and hiring process. If you need special assistance or an accommodation to use our website; apply for a position; or to perform a job; please contact us by emailing accommodationrequests@maersk.com.,Offer: As an organization with global presence; joining Maersk is a wonderful and exciting opportunity for you to work with people of diverse talents & background. We offer a fast paced; challenging and truly international atmosphere with activities spread around the globe. The environment is dynamic with focus on high performance; results; and respect for our employees. There will be the possibility of continuous professional and personal development and for gaining a professional and social network. As a company; we are committed to growing our people. We will provide you with opportunities that broaden your knowledge and strengthen your professional & technical skills. As a Software Engineer; you will be part of a team responsible for building and integrating new solutions within GRC & Corporate Affairs portfolio into our IT Landscape. You will work with development teams & stakeholders in various locations; e.g.; India; UK and Denmark. At Maersk we value the diversity of our talent and will always strive to recruit the best person for the job – we value diversity in all its forms; including but not limited to gender; age; nationality; race; sexual orientation; disability or religious beliefs. We are proud of our diversity and see it as a genuine source of strength for building high performing teams. Key,,,,,Engineering and Information Technology,Transportation; Logistics; Supply Chain and Storage,4214508170,,,A.P. Moller - Maersk,,https://dk.linkedin.com/company/maersk-group?trk=public_jobs_topcard-org-name,,,,https://dk.linkedin.com/company/maersk-group?trk=public_jobs_topcard-org-name,Pune; Maharashtra; India,,,,,,,,,,,$30,,,LinkedIn,,,,,,,,0
Software Developer,Identifier: INST-SD-CD3,Location: Trivandrum For our office in Trivandrum; dSPACE is looking for creative and motivated professionals. You will work on exciting and technologically cutting-edge product development projects; in the areas of control prototyping and Hardware-In-the-Loop (HIL) simulation. We are offering a position; as a Software Developer for one of our products; which is a universal; modular experiment and instrumentation software for seamless ECU development. As part of the AGILE team; you will take responsibility for implementing product requirements in the form of high-quality software solutions. In doing so; you can expect a variety of exciting; challenging and diverse tasks that you will solve together as a team. Your future colleagues are looking forward to working with you on a wide range of challenging subjects. During an intensive induction period; your colleagues will support you to familiarize you with our products and tasks. Your Tasks • You develop; enhance & test software components self-dependently within an experienced agile team. • You coordinate new functionalities with stakeholders. • You realize independently new functionalities. • You participate in Agile software development in C# under Windows®. • You contribute to our DevOps efforts to build; test; and release software faster and more reliable. Your Qualifications • You have a B.Tech/M.Tech university degree in Computer Science/Electronics and Communication; with a minimum 3 years of experience • You are eager to learn and open-minded • You have strong software engineering skills and are proficient in C#; .Net (8) applications and writing great code for them; using WPF - MVVM framework • You have experience in writing NUnit testing and automated tests using Python and are committed to maintaining high code quality and comprehensive test coverage • You are familiar with agile software development and use of Azure® DevOps and Git • You raise concerns over code quality or lacking test cases and find solutions once you see them. • You have excellent English communication skills; both written and verbal What We Offer • A crucial role in a young; dynamic; and fast-growing team. • A work environment that fosters trust; respect; and feedback • An onboarding buddy to integrate you smoothly into our team. • Productivity and improvement time between the development sprints. • A mentor helping you with your personal goals; technical progress in general and your software engineering skills in particular. About us dSPACE is a market innovator and leader in providing solutions and systems for embedded controller software development in Automotive; Aerospace and Manufacturing industries. Founded in Germany in 1988; dSPACE employs over 2;600 dedicated people worldwide; who are committed to making the embedded controls software development process more efficient through innovative tools and services. Working at dSPACE means taking on challenging and varied tasks in a promising and exciting industry. With us; you have responsibility and can shape your personal career. A collegial and cooperative approach is as natural for us as the continuous development of your expertise. If you are ready to join our highly successful international team and take on the challenge of creating yet another success story in India – send us your application (including motivational letter; CV; copies of your academic degree; references from former employers) at career.tvm@dspace.in indicating your earliest possible entry date.,,,,,Engineering,Software Development,4233200233,,,dSPACE,,https://de.linkedin.com/company/dspace-group?trk=public_jobs_topcard-org-name,,,,https://dk.linkedin.com/company/maersk-group?trk=public_jobs_topcard-org-name; https://de.linkedin.com/company/dspace-group?trk=public_jobs_topcard-org-name,Trivandrum; Kerala; India,,,,,,,,,,,,,,LinkedIn,,,,,,,,0
Software Developer,Identifier: INST-SD-CD3,Location: Trivandrum For our office in Trivandrum; dSPACE is looking for creative and motivated professionals. You will work on exciting and technologically cutting-edge product development projects; in the areas of control prototyping and Hardware-In-the-Loop (HIL) simulation. We are offering a position; as a Software Developer for one of our products; which is a universal; modular experiment and instrumentation software for seamless ECU development. As part of the AGILE team; you will take responsibility for implementing product requirements in the form of high-quality software solutions. In doing so; you can expect a variety of exciting; challenging and diverse tasks that you will solve together as a team. Your future colleagues are looking forward to working with you on a wide range of challenging subjects. During an intensive induction period; your colleagues will support you to familiarize you with our products and tasks. Your Tasks • You develop; enhance & test software components self-dependently within an experienced agile team. • You coordinate new functionalities with stakeholders. • You realize independently new functionalities. • You participate in Agile software development in C# under Windows®. • You contribute to our DevOps efforts to build; test; and release software faster and more reliable. Your Qualifications • You have a B.Tech/M.Tech university degree in Computer Science/Electronics and Communication; with a minimum 3 years of experience • You are eager to learn and open-minded • You have strong software engineering skills and are proficient in C#; .Net (8) applications and writing great code for them; using WPF - MVVM framework • You have experience in writing NUnit testing and automated tests using Python and are committed to maintaining high code quality and comprehensive test coverage • You are familiar with agile software development and use of Azure® DevOps and Git • You raise concerns over code quality or lacking test cases and find solutions once you see them. • You have excellent English communication skills; both written and verbal What We Offer • A crucial role in a young; dynamic; and fast-growing team. • A work environment that fosters trust; respect; and feedback • An onboarding buddy to integrate you smoothly into our team. • Productivity and improvement time between the development sprints. • A mentor helping you with your personal goals; technical progress in general and your software engineering skills in particular. About us dSPACE is a market innovator and leader in providing solutions and systems for embedded controller software development in Automotive; Aerospace and Manufacturing industries. Founded in Germany in 1988; dSPACE employs over 2;600 dedicated people worldwide; who are committed to making the embedded controls software development process more efficient through innovative tools and services. Working at dSPACE means taking on challenging and varied tasks in a promising and exciting industry. With us; you have responsibility and can shape your personal career. A collegial and cooperative approach is as natural for us as the continuous development of your expertise. If you are ready to join our highly successful international team and take on the challenge of creating yet another success story in India – send us your application (including motivational letter; CV; copies of your academic degree; references from former employers) at career.tvm@dspace.in indicating your earliest possible entry date.,,,,,Engineering,Software Development,4233200233,,,dSPACE,,https://de.linkedin.com/company/dspace-group?trk=public_jobs_topcard-org-name,,,,https://de.linkedin.com/company/dspace-group?trk=public_jobs_topcard-org-name,Trivandrum; Kerala; India,,,,,,,,,,,,,,LinkedIn,,,,,,,,0
Software Developer,Identifier: INST-SD-CD3,Location: Trivandrum For our office in Trivandrum; dSPACE is looking for creative and motivated professionals. You will work on exciting and technologically cutting-edge product development projects; in the areas of control prototyping and Hardware-In-the-Loop (HIL) simulation. We are offering a position; as a Software Developer for one of our products; which is a universal; modular experiment and instrumentation software for seamless ECU development. As part of the AGILE team; you will take responsibility for implementing product requirements in the form of high-quality software solutions. In doing so; you can expect a variety of exciting; challenging and diverse tasks that you will solve together as a team. Your future colleagues are looking forward to working with you on a wide range of challenging subjects. During an intensive induction period; your colleagues will support you to familiarize you with our products and tasks. Your Tasks • You develop; enhance & test software components self-dependently within an experienced agile team. • You coordinate new functionalities with stakeholders. • You realize independently new functionalities. • You participate in Agile software development in C# under Windows®. • You contribute to our DevOps efforts to build; test; and release software faster and more reliable. Your Qualifications • You have a B.Tech/M.Tech university degree in Computer Science/Electronics and Communication; with a minimum 3 years of experience • You are eager to learn and open-minded • You have strong software engineering skills and are proficient in C#; .Net (8) applications and writing great code for them; using WPF - MVVM framework • You have experience in writing NUnit testing and automated tests using Python and are committed to maintaining high code quality and comprehensive test coverage • You are familiar with agile software development and use of Azure® DevOps and Git • You raise concerns over code quality or lacking test cases and find solutions once you see them. • You have excellent English communication skills; both written and verbal What We Offer • A crucial role in a young; dynamic; and fast-growing team. • A work environment that fosters trust; respect; and feedback • An onboarding buddy to integrate you smoothly into our team. • Productivity and improvement time between the development sprints. • A mentor helping you with your personal goals; technical progress in general and your software engineering skills in particular. About us dSPACE is a market innovator and leader in providing solutions and systems for embedded controller software development in Automotive; Aerospace and Manufacturing industries. Founded in Germany in 1988; dSPACE employs over 2;600 dedicated people worldwide; who are committed to making the embedded controls software development process more efficient through innovative tools and services. Working at dSPACE means taking on challenging and varied tasks in a promising and exciting industry. With us; you have responsibility and can shape your personal career. A collegial and cooperative approach is as natural for us as the continuous development of your expertise. If you are ready to join our highly successful international team and take on the challenge of creating yet another success story in India – send us your application (including motivational letter; CV; copies of your academic degree; references from former employers) at career.tvm@dspace.in indicating your earliest possible entry date.,,,,,Engineering,Software Development,4233200233,,,dSPACE,,https://de.linkedin.com/company/dspace-group?trk=public_jobs_topcard-org-name,,,,https://de.linkedin.com/company/dspace-group?trk=public_jobs_topcard-org-name,Trivandrum; Kerala; India,,,,,,,,,,,,,,LinkedIn,,,,,,,,0
Associate Software Engineer,Job Description Works in the area of Software Engineering; which encompasses the development; maintenance and optimization of software solutions/applications. Applies scientific methods to analyse and solve software engineering problems. He/she is responsible for the development and application of software engineering practice and knowledge; in research; design; development and maintenance. His/her work requires the exercise of original thought and judgement and the ability to supervise the technical and administrative work of other software engineers. The software engineer builds Job Description - Grade Specific Is the entry level in Software Engineering with a foundational understanding on programming concepts; software design and software development principles. Consistently works to direction with reducing supervision; producing accurate and reliable results. They are expected to be eager to learn and know when to ask questions and check for understanding. Understands and follows work processes. Is aware of costs related to own work. Organises own time to deliver against tasks set by others with a short term horizon. Works co-operatively with others to achieve team goals and has a direct and positive impact on project performance. Actively seeking feedback to improve and starting to manage own career with support.,skills and expertise of his/her software engineering discipline to reach standard software engineer skills expectations for the applicable role; as defined in Professional Communities. The software engineer collaborates and acts as team player with other software engineers and stakeholders. Skills (competencies) Verbal Communication Written Communication,,Internship,,,Engineering and Information Technology,IT Services and IT Consulting,4232990081,,,Capgemini,,https://fr.linkedin.com/company/capgemini?trk=public_jobs_topcard-org-name,,,,https://de.linkedin.com/company/dspace-group?trk=public_jobs_topcard-org-name; https://fr.linkedin.com/company/capgemini?trk=public_jobs_topcard-org-name,Mumbai Metropolitan Region,,,,,,,,,,,,,,LinkedIn,,,,,,,,1
Associate Software Engineer,Job Description Works in the area of Software Engineering; which encompasses the development; maintenance and optimization of software solutions/applications. Applies scientific methods to analyse and solve software engineering problems. He/she is responsible for the development and application of software engineering practice and knowledge; in research; design; development and maintenance. His/her work requires the exercise of original thought and judgement and the ability to supervise the technical and administrative work of other software engineers. The software engineer builds Job Description - Grade Specific Is the entry level in Software Engineering with a foundational understanding on programming concepts; software design and software development principles. Consistently works to direction with reducing supervision; producing accurate and reliable results. They are expected to be eager to learn and know when to ask questions and check for understanding. Understands and follows work processes. Is aware of costs related to own work. Organises own time to deliver against tasks set by others with a short term horizon. Works co-operatively with others to achieve team goals and has a direct and positive impact on project performance. Actively seeking feedback to improve and starting to manage own career with support.,skills and expertise of his/her software engineering discipline to reach standard software engineer skills expectations for the applicable role; as defined in Professional Communities. The software engineer collaborates and acts as team player with other software engineers and stakeholders. Skills (competencies) Verbal Communication Written Communication,,Internship,,,Engineering and Information Technology,IT Services and IT Consulting,4232990081,,,Capgemini,,https://fr.linkedin.com/company/capgemini?trk=public_jobs_topcard-org-name,,,,https://de.linkedin.com/company/dspace-group?trk=public_jobs_topcard-org-name; https://fr.linkedin.com/company/capgemini?trk=public_jobs_topcard-org-name; https://fr.linkedin.com/company/capgemini?trk=public_jobs_topcard-org-name,Mumbai Metropolitan Region,,,,,,,,,,,,,,LinkedIn,,,,,,,,1
IT Testing,Primary,skills:Performance testing;Performance testing->Performance testing->HP load runner;Performance testing->Performance testing->Jmeter A day in the life of an Infoscion As part of the Infosys testing team; your primary role would be to Develop test plan; prepare effort estimation and schedule for project execution You will prepare test cases; review test case result and anchor defects prevention activities and interface with customers for issue resolution You will ensure effective test execution by reviewing knowledge management activities and adhere to the organizational guidelines and processes Additionally; you will anchor testing requirements; develop test strategy; track; monitor project plans and prepare solution delivery of projects along with reviewing of test plans; test cases and test scripts You will develop project quality plans; validate defective prevention plans If you think you fit right in to help our clients navigate their next in their digital transformation journey; this is the place for you!,,Internship,,,Information Technology,IT Services and IT Consulting,4220934522,,,Infosys,,https://in.linkedin.com/company/infosys?trk=public_jobs_topcard-org-name,,,,https://de.linkedin.com/company/dspace-group?trk=public_jobs_topcard-org-name; https://fr.linkedin.com/company/capgemini?trk=public_jobs_topcard-org-name; https://fr.linkedin.com/company/capgemini?trk=public_jobs_topcard-org-name; https://in.linkedin.com/company/infosys?trk=public_jobs_topcard-org-name,Bengaluru East; Karnataka; India,,,,,,,,,,,,,,LinkedIn,,,,,,,,1
Account Manager,Zoho is one of the world's most prolific software companies. With 55+ applications in nearly every major business category; including sales; marketing; customer service; accounting and back office operations; and an array of productivity and collaboration tools built from the ground up; Zoho has the depth and breadth to solve even the most complex business challenges. With more than 100 million+ users and over 16;000 employees across the globe; hundreds of thousands of companies rely on Zoho; every day to run their businesses; including Zoho itself. With 25 years of being private; bootstrapped and profitable; we understand what it takes to run a sustainable; resilient business. We're hiring | Account Managers As an Account Manager; you'll manage key client relationships; focusing on understanding their needs; developing tailored solutions; and fostering long-term partnerships. Location: Chennai Key Responsibilities: Build and maintain strong client relationships; serving as a trusted advisor. Understand client goals and industry trends to provide strategic guidance. Identify upselling and cross-selling opportunities to boost revenue. Collaborate with internal teams to ensure exceptional customer experiences. Monitor account performance; track KPIs; and provide regular reports. Resolve client issues promptly and professionally. Required Note: Only shortlisted candidates will be notified for the further rounds.,Experience: 1 to 7 years Work Skills: Proven experience in Account Management or similar roles. Excellent communication; negotiation; and problem-solving skills. Ability to manage multiple accounts and prioritize tasks. Strong analytical skills to understand customer behavior and industry trends. Proficiency in CRM for maintaining accurate customer records. Ability to resolve complaints and enhance the customer experience.,,Internship,,,Information Technology,Software Development,4217829396,,,Zoho,,https://in.linkedin.com/company/zoho?trk=public_jobs_topcard-org-name,,,,https://de.linkedin.com/company/dspace-group?trk=public_jobs_topcard-org-name; https://fr.linkedin.com/company/capgemini?trk=public_jobs_topcard-org-name; https://fr.linkedin.com/company/capgemini?trk=public_jobs_topcard-org-name; https://in.linkedin.com/company/infosys?trk=public_jobs_topcard-org-name; https://in.linkedin.com/company/zoho?trk=public_jobs_topcard-org-name,Chennai; Tamil Nadu; India,,,,,,,,,,,,,,LinkedIn,,,,,,,,1
Inside Sales Executive,Zoho is one of the world's most prolific software companies. With 55+ applications in nearly every major business category; including sales; marketing; customer service; accounting and back office operations; and an array of productivity and collaboration tools built from the ground up; Zoho has the depth and breadth to solve even the most complex business challenges. With more than 120 million+ users and over 18;000 employees across the globe; hundreds of thousands of companies rely on Zoho; every day to run their businesses; including Zoho itself. With 29 years of being private; bootstrapped and profitable; we understand what it takes to run a sustainable; resilient business . Role: Inside Sales Executive Location: Adelaide; SA Role Description: As an Inside Sales Executive at Zoho; you will play a pivotal role in driving new business growth. Working across various SMB and mid-market segments; predominantly on inbound leads; you'll engage you'll engage potential customers; understand their needs; and demonstrate how Zoho’s suite of products can support their business goals. You’ll build strong; lasting relationships with stakeholders; guiding them through a successful sales journey with Zoho. Responsibilities: Manage inbound leads efficiently; ensuring timely follow-ups and nurturing them through the sales funnel. Engage actively with prospects and trial customers; fostering strong relationships with senior executives; especially within larger accounts. Conduct high-impact presentations and product demonstrations tailored to client needs; showcasing Zoho’s value proposition. Collaborate with internal teams; including Marketing; Product; and Support; to ensure smooth handoffs and excellent customer experiences. Develop strong relationships with decision-makers and influencers within prospective customer organizations. Effectively manage the sales pipeline using CRM tools; tracking each stage from lead to close. Serve as an advocate for clients by collaborating with internal teams to address and fulfill their specific business requirements. Stay informed of industry trends and competitor offerings to better position Zoho’s products in the market. Attend industry events and customer meetings as needed to generate new leads and expand the customer base. Skills &,Experience: 1 to 5 years Job Requirements: 1-5 years of experience in Sales; Business Development; or a related field within software/SaaS. Proven track record of meeting or exceeding sales targets. Strong communication; presentation; and consultative selling skills. Previous experience selling SaaS applications; such as CRM; ERP; Accounting; or HRMS; is preferred. Ability to work independently in a distributed and/or remote environment. Familiarity with CRM tools for managing sales processes and reporting. Willingness to travel domestically for client meetings and events.,,Internship,,,Sales; Business Development; and Information Technology,IT Services and IT Consulting; Technology; Information and Media; and Information Services,4234866346,,,Zoho,,https://in.linkedin.com/company/zoho?trk=public_jobs_topcard-org-name,,,,https://de.linkedin.com/company/dspace-group?trk=public_jobs_topcard-org-name; https://fr.linkedin.com/company/capgemini?trk=public_jobs_topcard-org-name; https://fr.linkedin.com/company/capgemini?trk=public_jobs_topcard-org-name; https://in.linkedin.com/company/infosys?trk=public_jobs_topcard-org-name; https://in.linkedin.com/company/zoho?trk=public_jobs_topcard-org-name; https://in.linkedin.com/company/zoho?trk=public_jobs_topcard-org-name,Adelaide; South Australia; Australia,,,,,,,,,,,,,,LinkedIn,,,,,,,,1
Inside Sales Executive,Zoho is one of the world's most prolific software companies. With 55+ applications in nearly every major business category; including sales; marketing; customer service; accounting and back office operations; and an array of productivity and collaboration tools built from the ground up; Zoho has the depth and breadth to solve even the most complex business challenges. With more than 120 million+ users and over 18;000 employees across the globe; hundreds of thousands of companies rely on Zoho; every day to run their businesses; including Zoho itself. With 29 years of being private; bootstrapped and profitable; we understand what it takes to run a sustainable; resilient business . Role: Inside Sales Executive Location: Adelaide; SA Role Description: As an Inside Sales Executive at Zoho; you will play a pivotal role in driving new business growth. Working across various SMB and mid-market segments; predominantly on inbound leads; you'll engage you'll engage potential customers; understand their needs; and demonstrate how Zoho’s suite of products can support their business goals. You’ll build strong; lasting relationships with stakeholders; guiding them through a successful sales journey with Zoho. Responsibilities: Manage inbound leads efficiently; ensuring timely follow-ups and nurturing them through the sales funnel. Engage actively with prospects and trial customers; fostering strong relationships with senior executives; especially within larger accounts. Conduct high-impact presentations and product demonstrations tailored to client needs; showcasing Zoho’s value proposition. Collaborate with internal teams; including Marketing; Product; and Support; to ensure smooth handoffs and excellent customer experiences. Develop strong relationships with decision-makers and influencers within prospective customer organizations. Effectively manage the sales pipeline using CRM tools; tracking each stage from lead to close. Serve as an advocate for clients by collaborating with internal teams to address and fulfill their specific business requirements. Stay informed of industry trends and competitor offerings to better position Zoho’s products in the market. Attend industry events and customer meetings as needed to generate new leads and expand the customer base. Skills &,Experience: 1 to 5 years Job Requirements: 1-5 years of experience in Sales; Business Development; or a related field within software/SaaS. Proven track record of meeting or exceeding sales targets. Strong communication; presentation; and consultative selling skills. Previous experience selling SaaS applications; such as CRM; ERP; Accounting; or HRMS; is preferred. Ability to work independently in a distributed and/or remote environment. Familiarity with CRM tools for managing sales processes and reporting. Willingness to travel domestically for client meetings and events.,,Internship,,,Sales; Business Development; and Information Technology,IT Services and IT Consulting; Technology; Information and Media; and Information Services,4234866346,,,Zoho,,https://in.linkedin.com/company/zoho?trk=public_jobs_topcard-org-name,,,,https://de.linkedin.com/company/dspace-group?trk=public_jobs_topcard-org-name; https://fr.linkedin.com/company/capgemini?trk=public_jobs_topcard-org-name; https://fr.linkedin.com/company/capgemini?trk=public_jobs_topcard-org-name; https://in.linkedin.com/company/infosys?trk=public_jobs_topcard-org-name; https://in.linkedin.com/company/zoho?trk=public_jobs_topcard-org-name; https://in.linkedin.com/company/zoho?trk=public_jobs_topcard-org-name,Adelaide; South Australia; Australia,,,,,,,,,,,,,,LinkedIn,,,,,,,,1
Mechatronics Engineer,We’re Hiring! Join Our Innovative Team at SQUID We are seeking a SENIOR MECHANICAL ENGINEER or MECHATRONICS ENGINEER to contribute to the development of SQUID- an automated vehicle protection device. Salary: Starting from USD 2;000 per month Application Requirement: Submit your resume; cover letter; and a portfolio showcasing your expertise. (Applications without a portfolio will not be considered). Responsibility: Refine and conduct testing on existing mechanical designs to enhance performance and reliability. Develop more efficient mechanical processes for seamless automation and deployment. Optimize mechanical systems and techniques for compact integration within the product. Experience: 5+ years work experience in automotive; robotics; or aerospace. Strong integration of mechanical & electronic components in compact devices. Apply at : hire@squid.com.co,Qualification: Bachelor's/Master's in Mechanical Engineering; Mechatronics; or Robotics. Proficiency in embedded systems; motor control; and sensors. Experience in thermal & structural analysis (ANSYS; SolidWorks). Hands-on with loT & wireless communication (Wi-Fi; Bluetooth; LoRa).,,Internship,,,Engineering and Information Technology,Technology; Information and Internet,4145173883,,,Fundfy,,https://www.linkedin.com/company/fundfyllc?trk=public_jobs_topcard-org-name,,,,https://de.linkedin.com/company/dspace-group?trk=public_jobs_topcard-org-name; https://fr.linkedin.com/company/capgemini?trk=public_jobs_topcard-org-name; https://fr.linkedin.com/company/capgemini?trk=public_jobs_topcard-org-name; https://in.linkedin.com/company/infosys?trk=public_jobs_topcard-org-name; https://in.linkedin.com/company/zoho?trk=public_jobs_topcard-org-name; https://in.linkedin.com/company/zoho?trk=public_jobs_topcard-org-name; https://www.linkedin.com/company/fundfyllc?trk=public_jobs_topcard-org-name,India,,,,,,,,,,,,,,LinkedIn,,,,,,,,0
Recruitment Trainee,Job Required: 0–1 year About the Role: We are looking for a dynamic and enthusiastic Recruitment Trainee to join our HR team. This role is ideal for individuals passionate about people; communication; and building careers. As a Recruitment Trainee; you will learn the end-to-end recruitment process; work closely with hiring managers; and support various talent acquisition initiatives. Key Responsibilities: Assist in sourcing; screening; and shortlisting candidates for various job roles Post job openings on job portals; social media; and company career pages Conduct initial HR screening calls to assess candidate suitability Coordinate and schedule interviews between candidates and interview panels Maintain candidate records and status updates in the Applicant Tracking System (ATS) Assist in onboarding and documentation processes for selected candidates Support HR in talent pipeline building; referrals; and recruitment marketing initiatives Stay updated on hiring trends; recruitment tools; and platforms,Title: Recruitment Trainee Experience Requirements: Bachelor’s degree in Human Resources; Business Administration; Psychology; or any related field Strong verbal and written communication skills Good interpersonal skills and ability to engage with people Basic understanding of recruitment life cycle and HR processes Familiarity with LinkedIn; Naukri; or other job portals is a plus Ability to multitask and work in a fast-paced environment Willingness to learn and grow within the HR domain,,Full Time,,,Human Resources,Technology; Information and Internet,4232626885,,,Guide & Bridge,,https://in.linkedin.com/company/guideandbridge?trk=public_jobs_topcard-org-name,,,,,India,,,,,,,,,,,,,,LinkedIn,,,,,,,,0
senior developer,immidiately job the jobs for software developer ,good communication,work from home,,,,,,,,,,,,,,,,,,,,,,,,,,,100000 per month,,,,,,,,,,,1
Machine Learning Engineer | 2 to 6 years | Mumbai; Hyderabad; Chennai,Choosing Capgemini means choosing a company where you will be empowered to shape your career in the way you’d like; where you’ll be supported and inspired by a collaborative community of colleagues around the world; and where you’ll be able to reimagine what’s possible. Join us and help the world’s leading organizations unlock the value of technology and build a more sustainable; more inclusive world. Job Description 2+ years proven experience in SW development. Systems Engineering studies completed Open to work on new technologies is mandatory. Should have excellent programming/software development background. Experience in R Language is an asset. Experience in .Net; Java and Groovy is an asset Extensive knowledge of ML frameworks; libraries; data structures; data modeling; and software architecture. Excellent; proactive problem solver. Strong analytical,skills with the ability to analyze complex requirements and define technical/functional advanced solutions. In-depth knowledge of mathematics; statistics; and algorithms. Experience on ML tools/technologies. Primary Skills ML Tools and Technologies Python R Language NLP Secondary Skills HTML5 SQL Capgemini is a global business and technology transformation partner; helping organizations to accelerate their dual transition to a digital and sustainable world; while creating tangible impact for enterprises and society. It is a responsible and diverse group of 340;000 team members in more than 50 countries. With its strong over 55-year heritage; Capgemini is trusted by its clients to unlock the value of technology to address the entire breadth of their business needs. It delivers end-to-end services and solutions leveraging strengths from strategy and design to engineering; all fuelled by its market leading capabilities in AI; cloud and data; combined with its deep industry expertise and partner ecosystem. The Group reported 2023 global revenues of €22.5 billion.,,,,,Engineering and Information Technology,IT Services and IT Consulting,4188873933,,,Capgemini,,https://fr.linkedin.com/company/capgemini?trk=public_jobs_topcard-org-name,,,,https://fr.linkedin.com/company/capgemini?trk=public_jobs_topcard-org-name,Chennai; Tamil Nadu; India,,,,,,,,,,,,,,LinkedIn,,,,,,,,1
Product Marketing Associate,Description: Develop and execute product positioning and messaging strategies that resonate with target audiences. Collaborate with cross-functional teams (sales; product management and design) to create compelling product narratives and materials. Conduct thorough market research and competitive analysis to identify opportunities and challenges. Analyze product performance metrics to identify areas for improvement and optimize product offerings. And content that captures attention and effectively communicates product value. Develop and maintain strong relationships with customers to understand their needs and preferences.,Zoho is one of the world's most prolific software companies. With 55+ applications in nearly every major business category; including sales; marketing; customer service; accounting and back office operations; and an array of productivity and collaboration tools built from the ground up; Zoho has the depth and breadth to solve even the most complex business challenges. With more than 120 million+ users and over 18;000 employees across the globe; hundreds of thousands of companies rely on Zoho; every day to run their businesses; including Zoho itself. With 29 years of being private; bootstrapped and profitable; we understand what it takes to run a sustainable; resilient business . Role : Product Marketing Associate Experience Level : 3 to 5 years Work Location : Chennai; India Job Qualifications: 3-5 years of experience in product marketing or a related field. Excellent written skills in English. Ability to develop creative and high- quality output. Ability to work effectively in a fast-paced; collaborative environment. Experience in the IT sector is an added advantage,,,,,Marketing; Product Management; and Consulting,IT Services and IT Consulting; Internet Marketplace Platforms; and Technology; Information and Media,4233341240,,,Zoho,,https://in.linkedin.com/company/zoho?trk=public_jobs_topcard-org-name,,,,https://fr.linkedin.com/company/capgemini?trk=public_jobs_topcard-org-name; https://in.linkedin.com/company/zoho?trk=public_jobs_topcard-org-name,Chennai; Tamil Nadu; India,,,,,,,,,,,,,,LinkedIn,,,,,,,,1
Telematics Embedded Engineer,Experience with embedded C/C++; vehicle signals; AutoSAR; cybersecurity; Linux and RTOS concepts; and system architecture are key to this role. Relevant skills include the following (not all are necessary) Automotive architectures; vehicle signals; AutoSAR; vehicle provisioning RTOS; cross-platform; secure-boot; cryptography; cybersecurity; TLS; HSM; PKI; drivers C++; Protobuf; Rust; CMake; Yocto; Bazel Join our core R&D Automotive Engineering Team for our marquee Swedish Account- Polestar! Infosys is hiring core Automotive R&D professionals as part of a dedicated Offshore Delivery Center being setup for Sweden’s marquee EV brand ‘Polestar’ at our Electronics City; Bangalore Campus. This is an opportunity to be part of cutting edge automotive software projects; working with passionate global teams tackling real-world Automotive and next-generation Electric Mobility Challenges. If such an opportunity excites you; apply for the job opening below - Automotive experience of at least 8 years Prior experience in Automotive or related companies Has deep knowledge of Telematics development Should have experience implementing solutions for embedded automotive connectivity processors such as TCAM (Telematics & Connectivity Antenna Module) If you are passionate about cars and cutting edge technologies; committed to delivering high quality software and; someone with strong analytical and problem solving skills; then this is the right job for you!,Experience with embedded C/C++; vehicle signals; AutoSAR; cybersecurity; Linux and RTOS concepts; and system architecture are key to this role. Relevant skills include the following (not all are necessary) Automotive architectures; vehicle signals; AutoSAR; vehicle provisioning RTOS; cross-platform; secure-boot; cryptography; cybersecurity; TLS; HSM; PKI; drivers C++; Protobuf; Rust; CMake; Yocto; Bazel Join our core R&D Automotive Engineering Team for our marquee Swedish Account- Polestar! Infosys is hiring core Automotive R&D professionals as part of a dedicated Offshore Delivery Center being setup for Sweden’s marquee EV brand ‘Polestar’ at our Electronics City; Bangalore Campus. This is an opportunity to be part of cutting edge automotive software projects; working with passionate global teams tackling real-world Automotive and next-generation Electric Mobility Challenges. If such an opportunity excites you; apply for the job opening below - Automotive experience of at least 8 years Prior experience in Automotive or related companies Has deep knowledge of Telematics development Should have experience implementing solutions for embedded automotive connectivity processors such as TCAM (Telematics & Connectivity Antenna Module) If you are passionate about cars and cutting edge technologies; committed to delivering high quality software and; someone with strong analytical and problem solving skills; then this is the right job for you!,,,,,Engineering and Information Technology,IT Services and IT Consulting,4193707773,,,Infosys,,https://in.linkedin.com/company/infosys?trk=public_jobs_topcard-org-name,,,,https://fr.linkedin.com/company/capgemini?trk=public_jobs_topcard-org-name; https://in.linkedin.com/company/zoho?trk=public_jobs_topcard-org-name; https://in.linkedin.com/company/infosys?trk=public_jobs_topcard-org-name,Chennai; Tamil Nadu; India,,,,,,,,,,,,,,LinkedIn,,,,,,,,1
Junior Python Developer,Location: Remote Job Type: Full-Time About Us: DehazeLabs is a leading company dedicated to Empowering businesses to swiftly integrate AI solutions for tangible business outcomes. We specialize in delivering innovative AI-driven solutions that drive real-world results. We are looking for a skilled Python Developer to join our team and help us build innovative software solutions. Responsibilities: Develop and maintain Python applications and services Collaborate with cross-functional teams to design; develop; and deploy high-quality software Write clean; efficient; and well-documented code Troubleshoot; debug; and optimize applications for performance and scalability Participate in code reviews and maintain coding standards Stay up-to-date with the latest industry trends and technologies Range: ₹216K - ₹420K,Requirements: Ability to code in Python and SQL Knowledge of databases (e.g.; SQL; NoSQL) and data modeling. Knowledge of version control systems (e.g.; Git) Excellent problem-solving skills and attention to detail Strong communication and teamwork abilities. Preferred Qualifications: Experience with cloud platforms (e.g.; AWS; Azure) is a plus. Familiarity with containerization tools (e.g.; Docker) and CI/CD pipelines. Knowledge of RESTful APIs and microservices architecture. Compensation,,,,,Engineering and Information Technology,Software Development,4118522993,,,DehazeLabs,,https://www.linkedin.com/company/dehazelabs?trk=public_jobs_topcard-org-name,,,,https://fr.linkedin.com/company/capgemini?trk=public_jobs_topcard-org-name; https://in.linkedin.com/company/zoho?trk=public_jobs_topcard-org-name; https://in.linkedin.com/company/infosys?trk=public_jobs_topcard-org-name; https://www.linkedin.com/company/dehazelabs?trk=public_jobs_topcard-org-name,India,,,,,,,,,,,,,,LinkedIn,,,,,,,,0
HTML/CSS Developer,Responsibilities: Write clean; efficient code for data processing and transformation. Debug and resolve technical issues. Evaluate and review code to ensure quality and compliance Required Disclaimer: Firstsource follows a fair; transparent; and merit-based hiring process. We never ask for money at any stage. Beware of fraudulent offers and always verify through our official channels or @firstsource.com email addresses.,Firstsource Solutions Limited is a prominent global business process management (BPM) company headquartered in Mumbai; India. Established in 2001 as ICICI InfoTech Upstream Ltd; it was rebranded to Firstsource Solutions Limited in 2006. We are seeking skilled HTML/CSS Developers with a minimum of 1 year of development experience to join us as freelancers and contribute to impactful projects. Key Qualifications: 1+ year of HTML/CSS development experience. Should have expertise in crafting responsive and visually appealing web pages using HTML5; CSS3; and frameworks like Bootstrap. Should understand cross-browser compatibility; web accessibility standards Why Join Us? Competitive pay (₹1000/hour). Flexible hours. Remote opportunity ⚠️,,,,,Other,Outsourcing and Offshoring Consulting,4222821637,,,Firstsource,,https://in.linkedin.com/company/firstsource-solutions-limited?trk=public_jobs_topcard-org-name,,,,https://in.linkedin.com/company/firstsource-solutions-limited?trk=public_jobs_topcard-org-name,India,,,,,,,,,,,,,,LinkedIn,,,,,,,,0
Frontend Developer,Company Description Acıbadem Health Point; part of the Acıbadem Healthcare Group; is Turkey's leading private healthcare organization; operating 24 hospitals and 18 outpatient clinics. With a dedicated team of nearly 22;500 employees; including 3;500 doctors and 4;000 nurses; Acıbadem offers high-quality healthcare services using advanced technology and modern infrastructure. The group; which began as a district hospital in 1991; has expanded internationally and now operates in five countries; with JCI accreditation ensuring high standards of care. Role Description This is a full-time remote role for a Frontend Developer. The Frontend Developer will be responsible for developing and implementing user interface components using modern web technologies. Day-to-day tasks include collaborating with designers and backend developers; creating responsive web designs; optimizing applications for maximum speed and scalability; and ensuring the technical feasibility of UI/UX designs.,Qualifications Proficiency in Front-End Development and Responsive Web Design Experience with Back-End Web Development and general Web Development Solid understanding of Software Development principles Excellent problem-solving skills and attention to detail Ability to work independently and remotely Bachelor's degree in Computer Science; Information Technology; or a related field Experience in the healthcare industry is a plus,,,,,,Hospitals and Health Care,4218207395,,,Acıbadem Health Point,,https://www.linkedin.com/company/acibadem-health-point-1?trk=public_jobs_topcard-org-name,,,,https://in.linkedin.com/company/firstsource-solutions-limited?trk=public_jobs_topcard-org-name; https://www.linkedin.com/company/acibadem-health-point-1?trk=public_jobs_topcard-org-name,India,,,,,,,,,,,,,,LinkedIn,,,,,,,,1
Frontend Developer,Frontend Engineer - Remote India About BrightEdge BrightEdge is widely recognized as a global leader in SEO and Digital marketing. The most innovative customers across more than 80 countries trust BrightEdge to modernize their Digital Marketing stack for today’s digital world. We are helping thousands of organizations; including many of the world’s largest companies; transform their businesses and drive more revenue. The continuous innovation of our product is supported by what we believe to be our most valuable assets our people. Our employees are industry experts at the forefront of digital transformation. Come join us and help us share the future of SEO. Role Overview We are seeking a skilled and motivated Frontend Engineer to join our team. The ideal candidate will have strong expertise in building and optimizing user-facing applications using modern JavaScript frameworks and web technologies. You will collaborate closely with cross-functional teams to design; develop; and maintain intuitive; responsive; and high-performance user interfaces. Key Responsibilities: • Develop and maintain high-quality; user-friendly front-end applications. This includes crafting intuitive and visually appealing interfaces that seamlessly integrate with backend systems. • Collaborate effectively with cross-functional teams. Work closely with designers; product managers; and backend engineers to translate user needs and business requirements into exceptional user experiences. • Champion best practices in front-end development. Adhere to coding standards; implement robust testing strategies; and contribute to the improvement of our front-end architecture. • Drive innovation and continuous improvement. Proactively identify areas for enhancement in our front-end applications and propose and implement innovative solutions. • Provide technical guidance and mentorship. Share knowledge and expertise with junior engineers; fostering a culture of learning and growth within the team. Required Skills &,Experience: • B.E/B. Tech with 3+ years of experience and strong proficiency in modern JavaScript; HTML; and CSS. • Experience with popular front-end frameworks (e.g.; React; Angular; Vue.js). • Solid understanding of front-end architecture and design patterns. • Experience with testing and deployment methodologies (unit; A/B test) • Excellent communication and collaboration skills. • Passion for creating exceptional user experiences,,,,,Engineering and Information Technology,Software Development; Technology; Information and Media; and Internet Marketplace Platforms,4222493425,,,BrightEdge,,https://www.linkedin.com/company/brightedge?trk=public_jobs_topcard-org-name,,,,https://www.linkedin.com/company/brightedge?trk=public_jobs_topcard-org-name,India,,,,,,,,,,,,,,LinkedIn,,,,,,,,0
Frontend Developer,"Job Title ""Frontend Engineer at Sprinto; Remote Role"" Company Details Sprinto; based in Bengaluru; offers a security compliance automation platform. It seamlessly integrates with cloud setups to automate risk assessments; control mapping; and compliance evidence collection; facilitating adherence to various security standards for businesses. Job Roles & Responsibilities - Develop and maintain user interfaces using React.js and Next.js - Implement responsive design with TailwindCSS for optimal user experiences - Utilize React16 Hooks to build reusable components and manage state efficiently - Collaborate closely with backend engineers to integrate APIs and improve performance - Participate in peer code reviews and contribute to sprint planning sessions - Troubleshoot and resolve issues; ensuring alignment with security compliance standards - Continuously optimize frontend applications for speed and scalability - Contribute to the enhancement of Sprinto's cloud-based security automated platform Cultural Expectations - Collaborate seamlessly in a cross-functional team environment. - Be adaptable and open to continuous learning and new tech advancements. - Take initiative and demonstrate problem-solving",skills proactively. - Communicate effectively and transparently across all levels. - Exhibit attention to detail and strive for high-quality code. Hiring Process Profile shortlisting 5‑min intro screening with Dinesh Take‑home assignment – build UI screen; assess Tailwind & component reuse Final interview with Prabodh / FE team Offer & onboarding,,Contract,,,Engineering,Software Development,4228264586,,,Sprinto,,https://www.linkedin.com/company/sprinto-com?trk=public_jobs_topcard-org-name,,,,https://www.linkedin.com/company/sprinto-com?trk=public_jobs_topcard-org-name,India,,,,,,,,,,,,,,LinkedIn,,,,,,,,1
Online Data Validator - Flexible,Work-from-home data validator role. Earn 55k per month. Apply via Telegram now!,Smartphone with internet; Basic reading skills,,,,,,,,,,,,,,,,,,,,,,,,,,,,,,,,,,,,,,,0
